"Package","Version"
"abind","1.4-8"
"annotate","1.86.1"
"AnnotationDbi","1.70.0"
"aod","1.3.3"
"ape","5.8-1"
"aplot","0.2.8"
"ashr","2.2-63"
"askpass","1.2.1"
"assertthat","0.2.1"
"assorthead","1.2.0"
"AUCell","1.30.1"
"babelgene","22.9"
"backports","1.5.0"
"base","4.5.1"
"base64enc","0.1-3"
"basilisk","1.20.0"
"basilisk.utils","1.20.0"
"bayestestR","0.16.1"
"beachmat","2.24.0"
"beeswarm","0.4.0"
"BH","1.87.0-1"
"Biobase","2.68.0"
"BiocFileCache","2.16.0"
"BiocGenerics","0.54.0"
"BiocManager","1.30.26"
"BiocNeighbors","2.2.0"
"BiocParallel","1.42.1"
"BiocSingular","1.24.0"
"BiocVersion","3.21.1"
"Biostrings","2.76.0"
"bit","4.6.0"
"bit64","4.6.0-1"
"bitops","1.0-9"
"blob","1.2.4"
"boot","1.3-31"
"brew","1.0-10"
"brio","1.1.5"
"broom","1.0.8"
"bslib","0.9.0"
"cachem","1.1.0"
"Cairo","1.6-2"
"callr","3.7.6"
"caTools","1.18.3"
"cellranger","1.1.0"
"checkmate","2.3.2"
"class","7.3-23"
"cli","3.6.5"
"clipr","0.8.0"
"cluster","2.1.8.1"
"clusterProfiler","4.16.0"
"codetools","0.2-19"
"coin","1.4-3"
"collections","0.3.8"
"colorspace","2.1-1"
"commonmark","1.9.5"
"compiler","4.5.1"
"conflicted","1.2.0"
"corpcor","1.6.10"
"correlation","0.8.7"
"cowplot","1.1.3"
"cpp11","0.5.2"
"crayon","1.5.3"
"credentials","2.0.2"
"crosstalk","1.2.1"
"curl","6.4.0"
"data.table","1.17.6"
"datasets","4.5.1"
"datawizard","1.1.0"
"DBI","1.2.3"
"dbplyr","2.5.0"
"DelayedArray","0.34.1"
"DelayedMatrixStats","1.30.0"
"Deriv","4.2.0"
"desc","1.4.3"
"devtools","2.4.5"
"diffobj","0.3.6"
"digest","0.6.37"
"dir.expiry","1.16.0"
"doBy","4.7.0"
"DOSE","4.2.0"
"downlit","0.4.4"
"dplyr","1.1.4"
"dqrng","0.4.1"
"dreamlet","1.6.0"
"DropletUtils","1.28.1"
"dtplyr","1.3.1"
"edgeR","4.6.2"
"effectsize","1.0.1"
"ellipsis","0.3.2"
"EnrichmentBrowser","2.38.0"
"enrichplot","1.28.4"
"EnvStats","3.1.0"
"etrunct","0.1"
"evaluate","1.0.4"
"fANCOVA","0.6-1"
"fansi","1.0.6"
"farver","2.1.2"
"fastmap","1.2.0"
"fastmatch","1.1-6"
"fgsea","1.34.0"
"filelock","1.0.3"
"FNN","1.1.4.1"
"fontawesome","0.5.3"
"forcats","1.0.0"
"foreign","0.8-90"
"formatR","1.14"
"Formula","1.2-5"
"fs","1.6.6"
"futile.logger","1.4.3"
"futile.options","1.0.1"
"gargle","1.5.2"
"generics","0.1.4"
"GenomeInfoDb","1.44.0"
"GenomeInfoDbData","1.2.14"
"GenomicRanges","1.60.0"
"gert","2.1.5"
"ggbeeswarm","0.7.2"
"ggforce","0.5.0"
"ggfun","0.1.9"
"ggnewscale","0.5.2"
"ggplot2","3.5.2"
"ggplotify","0.1.2"
"ggrastr","1.0.2"
"ggrepel","0.9.6"
"ggsignif","0.6.4"
"ggtangle","0.0.7"
"ggtree","3.16.3"
"gh","1.5.0"
"gitcreds","0.1.2"
"glue","1.8.0"
"GO.db","3.21.0"
"googledrive","2.1.1"
"googlesheets4","1.1.1"
"GOSemSim","2.34.0"
"gplots","3.2.0"
"graph","1.86.0"
"graphics","4.5.1"
"graphite","1.54.0"
"grDevices","4.5.1"
"grid","4.5.1"
"gridExtra","2.3"
"gridGraphics","0.5-1"
"GSEABase","1.70.0"
"gson","0.1.0"
"gtable","0.3.6"
"gtools","3.9.5"
"h5mread","1.0.1"
"haven","2.5.5"
"HDF5Array","1.36.0"
"here","1.0.1"
"highr","0.11"
"Hmisc","5.2-3"
"hms","1.1.3"
"htmlTable","2.4.3"
"htmltools","0.5.8.1"
"htmlwidgets","1.6.4"
"httpuv","1.6.16"
"httr","1.4.7"
"httr2","1.1.2"
"hwriter","1.3.2.1"
"ids","1.0.1"
"igraph","2.1.4"
"ini","0.3.1"
"insight","1.3.1"
"invgamma","1.2"
"IRanges","2.42.0"
"irlba","2.3.5.1"
"isoband","0.2.7"
"iterators","1.0.14"
"jquerylib","0.1.4"
"jsonlite","2.0.0"
"kableExtra","1.4.0"
"KEGGgraph","1.68.0"
"KEGGREST","1.48.1"
"kernlab","0.9-33"
"KernSmooth","2.23-26"
"knitr","1.50"
"labeling","0.4.3"
"lambda.r","1.2.4"
"languageserver","0.3.16"
"later","1.4.2"
"lattice","0.22-5"
"lazyeval","0.2.2"
"libcoin","1.0-10"
"lifecycle","1.0.4"
"limma","3.64.1"
"lintr","3.2.0"
"lme4","1.1-37"
"lmerTest","3.1-3"
"locfit","1.5-9.12"
"lubridate","1.9.4"
"magrittr","2.0.3"
"mashr","0.2.79"
"MASS","7.3-65"
"mathjaxr","1.8-0"
"Matrix","1.7-3"
"MatrixGenerics","1.20.0"
"matrixStats","1.5.0"
"memoise","2.0.1"
"metadat","1.4-0"
"metafor","4.8-0"
"methods","4.5.1"
"mgcv","1.9-1"
"microbenchmark","1.5.0"
"mime","0.13"
"miniUI","0.1.2"
"minqa","1.2.8"
"mixsqp","0.3-54"
"mixtools","2.0.0.1"
"modelbased","0.11.2"
"modelr","0.1.11"
"modeltools","0.2-24"
"msigdbr","25.1.0"
"multcomp","1.4-28"
"mvtnorm","1.3-3"
"nlme","3.1-168"
"nloptr","2.2.1"
"nnet","7.3-20"
"nortest","1.0-4"
"numDeriv","2016.8-1.1"
"openssl","2.3.3"
"org.Hs.eg.db","3.21.0"
"parallel","4.5.1"
"parameters","0.26.0"
"patchwork","1.3.1"
"pathview","1.48.0"
"pbapply","1.7-2"
"pbkrtest","0.5.4"
"performance","0.14.0"
"pheatmap","1.0.13"
"pillar","1.10.2"
"pkgbuild","1.4.8"
"pkgconfig","2.0.3"
"pkgdown","2.1.3"
"pkgload","1.4.0"
"plogr","0.2.0"
"plotly","4.11.0"
"plyr","1.8.9"
"png","0.1-8"
"polyclip","1.10-7"
"praise","1.0.0"
"prettyunits","1.2.0"
"processx","3.8.6"
"profvis","0.4.0"
"progress","1.2.3"
"promises","1.3.3"
"ps","1.9.1"
"purrr","1.0.4"
"qvalue","2.40.0"
"R.cache","0.17.0"
"R.methodsS3","1.8.2"
"R.oo","1.27.1"
"R.utils","2.13.0"
"R6","2.6.1"
"ragg","1.4.0"
"rappdirs","0.3.3"
"rbibutils","2.3"
"rcmdcheck","1.4.0"
"RColorBrewer","1.1-3"
"Rcpp","1.1.0"
"RcppAnnoy","0.0.22"
"RcppArmadillo","14.6.0-1"
"RcppEigen","0.3.4.0.2"
"RcppGSL","0.3.13"
"RcppML","0.3.7"
"RcppParallel","5.1.10"
"RcppProgress","0.4.2"
"RcppTOML","0.2.3"
"RCurl","1.98-1.17"
"Rdpack","2.6.4"
"readr","2.1.5"
"readxl","1.4.5"
"reformulas","0.4.1"
"remaCor","0.0.18"
"rematch","2.0.0"
"rematch2","2.1.2"
"remotes","2.5.0"
"renv","1.2.3"
"reprex","2.1.1"
"reshape2","1.4.4"
"reticulate","1.42.0"
"rex","1.2.1"
"Rfast","2.1.5.1"
"Rgraphviz","2.52.0"
"rhdf5","2.52.1"
"rhdf5filters","1.20.0"
"Rhdf5lib","1.30.0"
"RhpcBLASctl","0.23-42"
"rjson","0.2.23"
"rlang","1.1.6"
"rmarkdown","2.29"
"rmeta","3.0"
"roxygen2","7.3.2"
"rpart","4.1.24"
"rprojroot","2.0.4"
"RSpectra","0.16-2"
"RSQLite","2.4.1"
"rstudioapi","0.17.1"
"rsvd","1.0.5"
"Rtsne","0.17"
"rversions","2.1.2"
"rvest","1.0.4"
"S4Arrays","1.8.1"
"S4Vectors","0.46.0"
"safe","3.48.0"
"sandwich","3.1-1"
"sass","0.4.10"
"ScaledMatrix","1.16.0"
"scales","1.4.0"
"scater","1.36.0"
"scattermore","1.2"
"scatterpie","0.2.5"
"scuttle","1.18.0"
"see","0.11.0"
"segmented","2.1-4"
"selectr","0.4-2"
"sessioninfo","1.2.3"
"shiny","1.11.1"
"SingleCellExperiment","1.30.1"
"sitmo","2.0.2"
"SMFilter","1.0.3"
"snow","0.4-4"
"softImpute","1.4-3"
"sourcetools","0.1.7-1"
"SparseArray","1.8.0"
"SparseM","1.84-2"
"sparseMatrixStats","1.20.0"
"spatial","7.3-11"
"SPIA","2.60.0"
"splines","4.5.1"
"SQUAREM","2021.1"
"statmod","1.5.0"
"stats","4.5.1"
"stats4","4.5.1"
"stringi","1.8.7"
"stringr","1.5.1"
"styler","1.10.3"
"SummarizedExperiment","1.38.1"
"survival","3.8-3"
"svglite","2.2.1"
"sys","3.4.3"
"systemfonts","1.2.3"
"tcltk","4.5.1"
"testthat","3.2.3"
"textshaping","1.0.1"
"TH.data","1.1-3"
"tibble","3.3.0"
"tidyr","1.3.1"
"tidyselect","1.2.1"
"tidytree","0.4.6"
"tidyverse","2.0.0"
"timechange","0.3.0"
"tinytex","0.57"
"tools","4.5.1"
"treeio","1.32.0"
"truncnorm","1.0-9"
"tweenr","2.0.3"
"tzdb","0.5.0"
"UCSC.utils","1.4.0"
"urlchecker","1.0.1"
"usethis","3.1.0"
"utf8","1.2.6"
"utils","4.5.1"
"uuid","1.2-1"
"uwot","0.2.3"
"variancePartition","1.38.0"
"vctrs","0.6.5"
"vipor","0.4.7"
"viridis","0.6.5"
"viridisLite","0.4.2"
"vroom","1.6.5"
"waldo","0.6.1"
"whisker","0.4.1"
"withr","3.0.2"
"xfun","0.52"
"XML","3.99-0.18"
"xml2","1.3.8"
"xmlparsedata","1.0.5"
"xopen","1.0.1"
"xtable","1.8-4"
"XVector","0.48.0"
"yaml","2.3.10"
"yulab.utils","0.2.0"
"zellkonverter","1.18.0"
"zenith","1.10.0"
"zigg","0.0.2"
"zip","2.3.3"
"zoo","1.8-14"
